id,created,source,amount,type
1,30.05.2020 22:43,PrivatBank,26.65,Buy
2,30.05.2020 22:43,PrivatBank,27.05,Sale
3,30.05.2020 22:43,PrivatBank,29.40,Buy
4,30.05.2020 22:43,PrivatBank,29.95,Sale
5,30.05.2020 22:43,PrivatBank,0.36,Buy
6,30.05.2020 22:43,PrivatBank,0.38,Sale
7,30.05.2020 23:01,MonoBank,26.77,Buy
8,30.05.2020 23:01,MonoBank,27.03,Sale
9,30.05.2020 23:01,MonoBank,29.50,Buy
10,30.05.2020 23:01,MonoBank,29.99,Sale
11,30.05.2020 23:01,MonoBank,0.33,Buy
12,30.05.2020 23:01,MonoBank,0.38,Sale
13,30.05.2020 23:01,MonoBank,1.09,Buy
14,30.05.2020 23:01,MonoBank,1.11,Sale
15,30.05.2020 23:02,MonoBank,29.50,Buy
16,30.05.2020 23:02,MonoBank,29.99,Sale
17,30.05.2020 23:02,MonoBank,1.09,Buy
18,30.05.2020 23:02,MonoBank,1.11,Sale
19,30.05.2020 23:20,Vkurse,26.80,Buy
20,30.05.2020 23:20,Vkurse,27.00,Sale
21,30.05.2020 23:20,Vkurse,29.50,Buy
22,30.05.2020 23:20,MonoBank,29.50,Buy
23,30.05.2020 23:20,MonoBank,29.99,Sale
24,30.05.2020 23:20,MonoBank,1.09,Buy
25,30.05.2020 23:20,MonoBank,1.11,Sale
26,30.05.2020 23:22,MonoBank,29.50,Buy
27,30.05.2020 23:22,MonoBank,29.99,Sale
28,30.05.2020 23:22,MonoBank,1.09,Buy
29,30.05.2020 23:22,MonoBank,1.11,Sale
30,30.05.2020 23:23,MonoBank,29.50,Buy
31,30.05.2020 23:23,MonoBank,29.99,Sale
32,30.05.2020 23:23,MonoBank,1.09,Buy
33,30.05.2020 23:23,MonoBank,1.11,Sale
34,30.05.2020 23:24,MonoBank,29.50,Buy
35,30.05.2020 23:24,MonoBank,29.99,Sale
36,30.05.2020 23:24,MonoBank,1.09,Buy
37,30.05.2020 23:24,MonoBank,1.11,Sale
38,30.05.2020 23:25,MonoBank,29.50,Buy
39,30.05.2020 23:25,MonoBank,29.99,Sale
40,30.05.2020 23:25,MonoBank,1.09,Buy
41,30.05.2020 23:25,MonoBank,1.11,Sale
42,30.05.2020 23:26,MonoBank,29.50,Buy
43,30.05.2020 23:26,MonoBank,29.99,Sale
44,30.05.2020 23:26,MonoBank,1.09,Buy
45,30.05.2020 23:26,MonoBank,1.11,Sale
46,30.05.2020 23:28,MonoBank,29.50,Buy
47,30.05.2020 23:28,MonoBank,29.99,Sale
48,30.05.2020 23:28,MonoBank,1.09,Buy
49,30.05.2020 23:28,MonoBank,1.11,Sale
50,30.05.2020 23:30,MonoBank,29.50,Buy
51,30.05.2020 23:30,MonoBank,29.99,Sale
52,30.05.2020 23:30,MonoBank,1.09,Buy
53,30.05.2020 23:30,MonoBank,1.11,Sale
54,30.05.2020 23:31,MonoBank,29.50,Buy
55,30.05.2020 23:31,MonoBank,29.99,Sale
56,30.05.2020 23:31,MonoBank,1.09,Buy
57,30.05.2020 23:31,MonoBank,1.11,Sale
58,30.05.2020 23:32,MonoBank,29.50,Buy
59,30.05.2020 23:32,MonoBank,29.99,Sale
60,30.05.2020 23:32,MonoBank,1.09,Buy
61,30.05.2020 23:32,MonoBank,1.11,Sale
62,30.05.2020 23:33,MonoBank,29.50,Buy
63,30.05.2020 23:33,MonoBank,29.99,Sale
64,30.05.2020 23:33,MonoBank,1.09,Buy
65,30.05.2020 23:33,MonoBank,1.11,Sale
66,30.05.2020 23:35,MonoBank,29.50,Buy
67,30.05.2020 23:35,MonoBank,29.99,Sale
68,30.05.2020 23:35,MonoBank,1.09,Buy
69,30.05.2020 23:35,MonoBank,1.11,Sale
70,31.05.2020 12:00,Vkurse,26.75,Buy
71,31.05.2020 12:00,Vkurse,26.95,Sale
72,31.05.2020 12:00,Vkurse,29.40,Buy
73,31.05.2020 12:00,MonoBank,29.50,Buy
74,31.05.2020 12:00,MonoBank,29.99,Sale
75,31.05.2020 12:00,MonoBank,1.09,Buy
76,31.05.2020 12:00,MonoBank,1.11,Sale
77,31.05.2020 12:00,ObmennikUa,26.85,Buy
78,31.05.2020 12:01,MonoBank,29.50,Buy
79,31.05.2020 12:01,MonoBank,29.99,Sale
80,31.05.2020 12:01,MonoBank,1.09,Buy
81,31.05.2020 12:01,MonoBank,1.11,Sale
82,31.05.2020 12:03,MonoBank,29.50,Buy
83,31.05.2020 12:03,MonoBank,29.99,Sale
84,31.05.2020 12:03,MonoBank,1.09,Buy
85,31.05.2020 12:03,MonoBank,1.11,Sale
86,31.05.2020 12:04,MonoBank,29.50,Buy
87,31.05.2020 12:04,MonoBank,29.99,Sale
88,31.05.2020 12:04,MonoBank,1.09,Buy
89,31.05.2020 12:04,MonoBank,1.11,Sale
90,31.05.2020 12:05,MonoBank,29.50,Buy
91,31.05.2020 12:05,MonoBank,29.99,Sale
92,31.05.2020 12:05,MonoBank,1.09,Buy
93,31.05.2020 12:05,MonoBank,1.11,Sale
94,31.05.2020 12:06,MonoBank,29.50,Buy
95,31.05.2020 12:06,MonoBank,29.99,Sale
96,31.05.2020 12:06,MonoBank,1.09,Buy
97,31.05.2020 12:06,MonoBank,1.11,Sale
98,31.05.2020 12:08,MonoBank,29.50,Buy
99,31.05.2020 12:08,MonoBank,29.99,Sale
100,31.05.2020 12:08,MonoBank,1.09,Buy
101,31.05.2020 12:08,MonoBank,1.11,Sale
102,31.05.2020 12:09,MonoBank,29.50,Buy
103,31.05.2020 12:09,MonoBank,29.99,Sale
104,31.05.2020 12:09,MonoBank,1.09,Buy
105,31.05.2020 12:09,MonoBank,1.11,Sale
106,31.05.2020 12:42,ObmennikUa,2.00,Buy
107,31.05.2020 12:42,ObmennikUa,6.00,Sale
108,31.05.2020 12:42,ObmennikUa,2.00,Buy
109,31.05.2020 12:42,ObmennikUa,6.00,Sale
110,31.05.2020 12:42,ObmennikUa,2.00,Buy
111,31.05.2020 12:42,ObmennikUa,2.00,Buy
112,31.05.2020 12:42,ObmennikUa,6.00,Sale
113,31.05.2020 12:42,ObmennikUa,6.00,Sale
114,31.05.2020 12:42,ObmennikUa,2.00,Buy
115,31.05.2020 12:42,ObmennikUa,2.00,Buy
116,31.05.2020 12:42,ObmennikUa,6.00,Sale
117,31.05.2020 12:42,ObmennikUa,6.00,Sale
118,31.05.2020 12:42,ObmennikUa,2.00,Buy
119,31.05.2020 12:42,ObmennikUa,6.00,Sale
120,31.05.2020 12:42,ObmennikUa,2.00,Buy
121,31.05.2020 12:42,ObmennikUa,6.00,Sale
122,31.05.2020 12:42,ObmennikUa,2.00,Buy
123,31.05.2020 12:42,ObmennikUa,6.00,Sale
124,31.05.2020 12:42,ObmennikUa,2.00,Buy
125,31.05.2020 12:42,ObmennikUa,6.00,Sale
126,31.05.2020 12:42,ObmennikUa,2.00,Buy
127,31.05.2020 12:42,ObmennikUa,6.00,Sale
128,31.05.2020 12:42,ObmennikUa,2.00,Buy
129,31.05.2020 12:42,ObmennikUa,6.00,Sale
130,31.05.2020 12:42,ObmennikUa,2.00,Buy
131,31.05.2020 12:42,ObmennikUa,6.00,Sale
132,31.05.2020 12:43,ObmennikUa,2.00,Buy
133,31.05.2020 12:43,ObmennikUa,6.00,Sale
134,31.05.2020 12:44,ObmennikUa,2.00,Buy
135,31.05.2020 12:44,ObmennikUa,6.00,Sale
136,31.05.2020 12:48,ObmennikUa,26.80,Buy
137,31.05.2020 12:49,ObmennikUa,26.80,Buy
138,31.05.2020 12:50,ObmennikUa,26.80,Buy
139,31.05.2020 12:51,ObmennikUa,26.80,Buy
140,31.05.2020 12:52,ObmennikUa,26.80,Buy
141,31.05.2020 12:53,ObmennikUa,26.80,Buy
142,31.05.2020 13:02,ObmennikUa,26.80,Buy
143,31.05.2020 13:02,ObmennikUa,26.80,Buy
144,31.05.2020 13:02,ObmennikUa,26.80,Buy
145,31.05.2020 13:02,ObmennikUa,26.80,Buy
146,31.05.2020 13:02,ObmennikUa,26.80,Buy
147,31.05.2020 13:02,ObmennikUa,26.80,Buy
148,31.05.2020 13:02,ObmennikUa,26.80,Buy
149,31.05.2020 13:02,ObmennikUa,26.80,Buy
150,31.05.2020 13:04,ObmennikUa,26.80,Buy
151,31.05.2020 13:04,ObmennikUa,26.80,Buy
152,31.05.2020 13:04,ObmennikUa,26.80,Buy
153,31.05.2020 13:04,ObmennikUa,26.80,Buy
154,31.05.2020 13:04,ObmennikUa,26.80,Buy
155,31.05.2020 13:04,ObmennikUa,26.80,Buy
156,31.05.2020 13:04,ObmennikUa,26.80,Buy
157,31.05.2020 13:04,ObmennikUa,26.80,Buy
158,31.05.2020 13:04,ObmennikUa,26.80,Buy
159,31.05.2020 13:04,ObmennikUa,26.80,Buy
160,31.05.2020 13:04,ObmennikUa,26.80,Buy
161,31.05.2020 13:04,ObmennikUa,26.80,Buy
162,31.05.2020 13:04,ObmennikUa,26.80,Buy
163,31.05.2020 13:04,ObmennikUa,26.80,Buy
164,31.05.2020 13:04,ObmennikUa,26.80,Buy
165,31.05.2020 13:04,ObmennikUa,26.80,Buy
166,31.05.2020 13:04,ObmennikUa,26.80,Buy
167,31.05.2020 13:04,ObmennikUa,26.80,Buy
168,31.05.2020 13:05,ObmennikUa,26.80,Buy
169,31.05.2020 13:05,ObmennikUa,26.80,Buy
170,31.05.2020 13:05,ObmennikUa,26.80,Buy
171,31.05.2020 13:05,ObmennikUa,26.80,Buy
172,31.05.2020 13:05,ObmennikUa,26.80,Buy
173,31.05.2020 13:05,ObmennikUa,26.80,Buy
174,31.05.2020 13:05,ObmennikUa,26.80,Buy
175,31.05.2020 13:05,ObmennikUa,26.80,Buy
176,31.05.2020 13:05,ObmennikUa,26.80,Buy
177,31.05.2020 13:05,ObmennikUa,26.80,Buy
178,31.05.2020 13:05,ObmennikUa,26.80,Buy
179,31.05.2020 13:05,ObmennikUa,26.80,Buy
180,31.05.2020 13:05,ObmennikUa,26.80,Buy
181,31.05.2020 13:05,ObmennikUa,26.80,Buy
182,31.05.2020 13:05,ObmennikUa,26.80,Buy
183,31.05.2020 13:05,ObmennikUa,26.80,Buy
184,31.05.2020 13:05,ObmennikUa,26.80,Buy
185,31.05.2020 13:05,ObmennikUa,26.80,Buy
186,31.05.2020 13:07,ObmennikUa,26.80,Buy
187,31.05.2020 13:07,ObmennikUa,26.80,Buy
188,31.05.2020 13:07,ObmennikUa,26.80,Buy
189,31.05.2020 13:07,ObmennikUa,26.80,Buy
190,31.05.2020 13:07,ObmennikUa,26.80,Buy
191,31.05.2020 13:07,ObmennikUa,26.80,Buy
192,31.05.2020 13:07,ObmennikUa,26.80,Buy
193,31.05.2020 13:07,ObmennikUa,26.80,Buy
194,31.05.2020 13:07,ObmennikUa,26.80,Buy
195,31.05.2020 13:07,ObmennikUa,26.80,Buy
196,31.05.2020 13:07,ObmennikUa,26.80,Buy
197,31.05.2020 13:07,ObmennikUa,26.80,Buy
198,31.05.2020 13:07,ObmennikUa,26.80,Buy
199,31.05.2020 13:07,ObmennikUa,26.80,Buy
200,31.05.2020 13:07,ObmennikUa,26.80,Buy
201,31.05.2020 13:07,ObmennikUa,26.80,Buy
202,31.05.2020 13:07,ObmennikUa,26.80,Buy
203,31.05.2020 13:07,ObmennikUa,26.80,Buy
204,31.05.2020 13:08,ObmennikUa,26.80,Buy
205,31.05.2020 13:08,ObmennikUa,26.80,Buy
206,31.05.2020 13:08,ObmennikUa,26.80,Buy
207,31.05.2020 13:08,ObmennikUa,26.80,Buy
208,31.05.2020 13:08,ObmennikUa,26.80,Buy
209,31.05.2020 13:08,ObmennikUa,26.80,Buy
210,31.05.2020 13:08,ObmennikUa,26.80,Buy
211,31.05.2020 13:08,ObmennikUa,26.80,Buy
212,31.05.2020 13:08,ObmennikUa,26.80,Buy
213,31.05.2020 13:08,ObmennikUa,26.80,Buy
214,31.05.2020 13:08,ObmennikUa,26.80,Buy
215,31.05.2020 13:08,ObmennikUa,26.80,Buy
216,31.05.2020 13:08,ObmennikUa,26.80,Buy
217,31.05.2020 13:08,ObmennikUa,26.80,Buy
218,31.05.2020 13:08,ObmennikUa,26.80,Buy
219,31.05.2020 13:08,ObmennikUa,26.80,Buy
220,31.05.2020 13:08,ObmennikUa,26.80,Buy
221,31.05.2020 13:08,ObmennikUa,26.80,Buy
222,31.05.2020 13:10,ObmennikUa,26.80,Buy
223,31.05.2020 13:10,ObmennikUa,26.80,Buy
224,31.05.2020 13:11,ObmennikUa,26.80,Buy
225,31.05.2020 13:14,ObmennikUa,26.80,Buy
226,31.05.2020 13:14,ObmennikUa,26.90,Sale
227,31.05.2020 13:14,ObmennikUa,29.40,Sale
228,31.05.2020 13:14,ObmennikUa,29.80,Buy
229,31.05.2020 13:15,ObmennikUa,26.80,Buy
230,31.05.2020 13:15,ObmennikUa,26.90,Sale
231,31.05.2020 13:15,ObmennikUa,29.40,Sale
232,31.05.2020 13:15,ObmennikUa,29.80,Buy
233,31.05.2020 13:16,ObmennikUa,26.80,Buy
234,31.05.2020 13:16,ObmennikUa,26.90,Sale
235,31.05.2020 13:16,ObmennikUa,29.40,Sale
236,31.05.2020 13:16,ObmennikUa,29.80,Buy
237,31.05.2020 13:17,ObmennikUa,26.80,Buy
238,31.05.2020 13:17,ObmennikUa,26.90,Sale
239,31.05.2020 13:17,ObmennikUa,29.40,Sale
240,31.05.2020 13:17,ObmennikUa,29.80,Buy
241,31.05.2020 13:18,ObmennikUa,26.80,Buy
242,31.05.2020 13:18,ObmennikUa,26.90,Sale
243,31.05.2020 13:18,ObmennikUa,29.40,Sale
244,31.05.2020 13:18,ObmennikUa,29.80,Buy
245,31.05.2020 13:19,ObmennikUa,26.80,Buy
246,31.05.2020 13:20,ObmennikUa,26.80,Buy
247,31.05.2020 13:21,ObmennikUa,26.80,Buy
248,31.05.2020 13:22,ObmennikUa,26.80,Buy
249,31.05.2020 13:23,ObmennikUa,26.80,Buy
250,31.05.2020 13:24,ObmennikUa,26.80,Buy
251,31.05.2020 13:28,ObmennikUa,26.80,Buy
252,31.05.2020 13:28,ObmennikUa,26.80,Buy
253,31.05.2020 13:28,ObmennikUa,26.80,Buy
254,31.05.2020 13:28,ObmennikUa,26.80,Buy
255,31.05.2020 13:28,ObmennikUa,26.80,Buy
256,31.05.2020 13:28,ObmennikUa,26.80,Buy
257,31.05.2020 13:28,ObmennikUa,26.80,Buy
258,31.05.2020 13:28,ObmennikUa,26.80,Buy
259,31.05.2020 13:28,ObmennikUa,26.80,Buy
260,31.05.2020 13:28,ObmennikUa,26.80,Buy
261,31.05.2020 13:28,ObmennikUa,26.80,Buy
262,31.05.2020 13:28,ObmennikUa,26.80,Buy
263,31.05.2020 13:28,ObmennikUa,26.80,Buy
264,31.05.2020 13:28,ObmennikUa,26.80,Buy
265,31.05.2020 13:28,ObmennikUa,26.80,Buy
266,31.05.2020 13:28,ObmennikUa,26.80,Buy
267,31.05.2020 13:28,ObmennikUa,26.80,Buy
268,31.05.2020 13:28,ObmennikUa,26.80,Buy
269,31.05.2020 13:28,ObmennikUa,26.80,Buy
270,31.05.2020 13:28,ObmennikUa,26.80,Buy
271,31.05.2020 13:28,ObmennikUa,26.80,Buy
272,31.05.2020 13:28,ObmennikUa,26.80,Buy
273,31.05.2020 13:28,ObmennikUa,26.80,Buy
274,31.05.2020 13:28,ObmennikUa,26.80,Buy
275,31.05.2020 13:28,ObmennikUa,26.80,Buy
276,31.05.2020 13:28,ObmennikUa,26.80,Buy
277,31.05.2020 13:28,ObmennikUa,26.80,Buy
278,31.05.2020 13:28,ObmennikUa,26.80,Buy
279,31.05.2020 13:28,ObmennikUa,26.80,Buy
280,31.05.2020 13:28,ObmennikUa,26.80,Buy
281,31.05.2020 13:28,ObmennikUa,26.80,Buy
282,31.05.2020 13:28,ObmennikUa,26.80,Buy
283,31.05.2020 13:28,ObmennikUa,26.80,Buy
284,31.05.2020 13:28,ObmennikUa,26.80,Buy
285,31.05.2020 13:28,ObmennikUa,26.80,Buy
286,31.05.2020 13:28,ObmennikUa,26.80,Buy
287,31.05.2020 13:28,ObmennikUa,26.80,Buy
288,31.05.2020 13:28,ObmennikUa,26.80,Buy
289,31.05.2020 13:28,ObmennikUa,26.80,Buy
290,31.05.2020 13:28,ObmennikUa,26.80,Buy
291,31.05.2020 13:28,ObmennikUa,26.80,Buy
292,31.05.2020 13:28,ObmennikUa,26.80,Buy
293,31.05.2020 13:28,ObmennikUa,26.80,Buy
294,31.05.2020 13:28,ObmennikUa,26.80,Buy
295,31.05.2020 13:28,ObmennikUa,26.80,Buy
296,31.05.2020 13:28,ObmennikUa,26.80,Buy
297,31.05.2020 13:28,ObmennikUa,26.80,Buy
298,31.05.2020 13:28,ObmennikUa,26.80,Buy
299,31.05.2020 13:28,ObmennikUa,26.80,Buy
300,31.05.2020 13:28,ObmennikUa,26.80,Buy
301,31.05.2020 13:28,ObmennikUa,26.80,Buy
302,31.05.2020 13:28,ObmennikUa,26.80,Buy
303,31.05.2020 13:28,ObmennikUa,26.80,Buy
304,31.05.2020 13:28,ObmennikUa,26.80,Buy
305,31.05.2020 13:28,ObmennikUa,26.80,Buy
306,31.05.2020 13:28,ObmennikUa,26.90,Sale
307,31.05.2020 13:28,ObmennikUa,26.80,Buy
308,31.05.2020 13:28,ObmennikUa,29.40,Sale
309,31.05.2020 13:28,ObmennikUa,26.80,Buy
310,31.05.2020 13:28,ObmennikUa,29.80,Buy
311,31.05.2020 13:28,ObmennikUa,26.90,Sale
312,31.05.2020 13:28,ObmennikUa,29.40,Sale
313,31.05.2020 13:28,ObmennikUa,26.80,Buy
314,31.05.2020 13:28,ObmennikUa,26.80,Buy
315,31.05.2020 13:28,ObmennikUa,26.80,Buy
316,31.05.2020 13:28,ObmennikUa,29.80,Buy
317,31.05.2020 13:28,ObmennikUa,26.80,Buy
318,31.05.2020 13:28,ObmennikUa,26.80,Buy
319,31.05.2020 13:28,ObmennikUa,26.80,Buy
320,31.05.2020 13:28,ObmennikUa,26.80,Buy
321,31.05.2020 13:28,ObmennikUa,26.80,Buy
322,31.05.2020 13:28,ObmennikUa,26.80,Buy
323,31.05.2020 13:28,ObmennikUa,26.80,Buy
324,31.05.2020 13:28,ObmennikUa,26.80,Buy
325,31.05.2020 13:28,ObmennikUa,26.80,Buy
326,31.05.2020 13:28,ObmennikUa,26.80,Buy
327,31.05.2020 13:28,ObmennikUa,26.80,Buy
328,31.05.2020 13:28,ObmennikUa,26.90,Sale
329,31.05.2020 13:28,ObmennikUa,26.80,Buy
330,31.05.2020 13:28,ObmennikUa,26.90,Sale
331,31.05.2020 13:28,ObmennikUa,29.40,Sale
332,31.05.2020 13:28,ObmennikUa,29.80,Buy
333,31.05.2020 13:28,ObmennikUa,29.40,Sale
334,31.05.2020 13:28,ObmennikUa,29.80,Buy
335,31.05.2020 13:29,ObmennikUa,26.80,Buy
336,31.05.2020 13:29,ObmennikUa,26.80,Buy
337,31.05.2020 13:29,ObmennikUa,26.80,Buy
338,31.05.2020 13:29,ObmennikUa,26.80,Buy
339,31.05.2020 13:29,ObmennikUa,26.80,Buy
340,31.05.2020 13:29,ObmennikUa,26.80,Buy
341,31.05.2020 13:29,ObmennikUa,26.80,Buy
342,31.05.2020 13:29,ObmennikUa,26.80,Buy
343,31.05.2020 13:29,ObmennikUa,26.80,Buy
344,31.05.2020 13:29,ObmennikUa,26.80,Buy
345,31.05.2020 13:29,ObmennikUa,26.80,Buy
346,31.05.2020 13:29,ObmennikUa,26.80,Buy
347,31.05.2020 13:29,ObmennikUa,26.80,Buy
348,31.05.2020 13:29,ObmennikUa,26.80,Buy
349,31.05.2020 13:29,ObmennikUa,26.80,Buy
350,31.05.2020 13:29,ObmennikUa,26.80,Buy
351,31.05.2020 13:29,ObmennikUa,26.80,Buy
352,31.05.2020 13:29,ObmennikUa,26.80,Buy
353,31.05.2020 13:29,ObmennikUa,26.90,Sale
354,31.05.2020 13:29,ObmennikUa,29.40,Sale
355,31.05.2020 13:29,ObmennikUa,29.80,Buy
356,31.05.2020 13:30,ObmennikUa,26.80,Buy
357,31.05.2020 13:30,ObmennikUa,26.80,Buy
358,31.05.2020 13:30,ObmennikUa,26.80,Buy
359,31.05.2020 13:30,ObmennikUa,26.80,Buy
360,31.05.2020 13:30,ObmennikUa,26.80,Buy
361,31.05.2020 13:30,ObmennikUa,26.80,Buy
362,31.05.2020 13:30,ObmennikUa,26.80,Buy
363,31.05.2020 13:30,ObmennikUa,26.80,Buy
364,31.05.2020 13:30,ObmennikUa,26.80,Buy
365,31.05.2020 13:30,ObmennikUa,26.80,Buy
366,31.05.2020 13:30,ObmennikUa,26.80,Buy
367,31.05.2020 13:30,ObmennikUa,26.80,Buy
368,31.05.2020 13:30,ObmennikUa,26.80,Buy
369,31.05.2020 13:30,ObmennikUa,26.80,Buy
370,31.05.2020 13:30,ObmennikUa,26.80,Buy
371,31.05.2020 13:30,ObmennikUa,26.80,Buy
372,31.05.2020 13:30,ObmennikUa,26.80,Buy
373,31.05.2020 13:30,ObmennikUa,26.80,Buy
374,31.05.2020 13:30,ObmennikUa,26.90,Sale
375,31.05.2020 13:30,ObmennikUa,29.40,Sale
376,31.05.2020 13:30,ObmennikUa,29.80,Buy
377,31.05.2020 13:31,ObmennikUa,26.80,Buy
378,31.05.2020 13:31,ObmennikUa,26.80,Buy
379,31.05.2020 13:31,ObmennikUa,26.80,Buy
380,31.05.2020 13:31,ObmennikUa,26.80,Buy
381,31.05.2020 13:31,ObmennikUa,26.80,Buy
382,31.05.2020 13:31,ObmennikUa,26.80,Buy
383,31.05.2020 13:31,ObmennikUa,26.80,Buy
384,31.05.2020 13:31,ObmennikUa,26.80,Buy
385,31.05.2020 13:31,ObmennikUa,26.80,Buy
386,31.05.2020 13:31,ObmennikUa,26.80,Buy
387,31.05.2020 13:31,ObmennikUa,26.80,Buy
388,31.05.2020 13:31,ObmennikUa,26.80,Buy
389,31.05.2020 13:31,ObmennikUa,26.80,Buy
390,31.05.2020 13:31,ObmennikUa,26.80,Buy
391,31.05.2020 13:31,ObmennikUa,26.80,Buy
392,31.05.2020 13:31,ObmennikUa,26.80,Buy
393,31.05.2020 13:31,ObmennikUa,26.80,Buy
394,31.05.2020 13:31,ObmennikUa,26.80,Buy
395,31.05.2020 13:31,ObmennikUa,26.90,Sale
396,31.05.2020 13:31,ObmennikUa,29.40,Sale
397,31.05.2020 13:31,ObmennikUa,29.80,Buy
398,31.05.2020 13:32,ObmennikUa,26.80,Buy
399,31.05.2020 13:32,ObmennikUa,26.80,Buy
400,31.05.2020 13:32,ObmennikUa,26.80,Buy
401,31.05.2020 13:32,ObmennikUa,26.80,Buy
402,31.05.2020 13:32,ObmennikUa,26.80,Buy
403,31.05.2020 13:32,ObmennikUa,26.80,Buy
404,31.05.2020 13:32,ObmennikUa,26.80,Buy
405,31.05.2020 13:32,ObmennikUa,26.80,Buy
406,31.05.2020 13:32,ObmennikUa,26.80,Buy
407,31.05.2020 13:32,ObmennikUa,26.80,Buy
408,31.05.2020 13:32,ObmennikUa,26.80,Buy
409,31.05.2020 13:32,ObmennikUa,26.80,Buy
410,31.05.2020 13:32,ObmennikUa,26.80,Buy
411,31.05.2020 13:32,ObmennikUa,26.80,Buy
412,31.05.2020 13:32,ObmennikUa,26.80,Buy
413,31.05.2020 13:32,ObmennikUa,26.80,Buy
414,31.05.2020 13:32,ObmennikUa,26.80,Buy
415,31.05.2020 13:32,ObmennikUa,26.80,Buy
416,31.05.2020 13:32,ObmennikUa,26.90,Sale
417,31.05.2020 13:32,ObmennikUa,29.40,Sale
418,31.05.2020 13:32,ObmennikUa,29.80,Buy
419,31.05.2020 13:33,ObmennikUa,26.80,Buy
420,31.05.2020 13:33,ObmennikUa,26.80,Buy
421,31.05.2020 13:33,ObmennikUa,26.80,Buy
422,31.05.2020 13:33,ObmennikUa,26.80,Buy
423,31.05.2020 13:33,ObmennikUa,26.80,Buy
424,31.05.2020 13:33,ObmennikUa,26.80,Buy
425,31.05.2020 13:33,ObmennikUa,26.80,Buy
426,31.05.2020 13:33,ObmennikUa,26.80,Buy
427,31.05.2020 13:33,ObmennikUa,26.80,Buy
428,31.05.2020 13:33,ObmennikUa,26.80,Buy
429,31.05.2020 13:33,ObmennikUa,26.80,Buy
430,31.05.2020 13:33,ObmennikUa,26.80,Buy
431,31.05.2020 13:33,ObmennikUa,26.80,Buy
432,31.05.2020 13:33,ObmennikUa,26.80,Buy
433,31.05.2020 13:33,ObmennikUa,26.80,Buy
434,31.05.2020 13:33,ObmennikUa,26.80,Buy
435,31.05.2020 13:33,ObmennikUa,26.80,Buy
436,31.05.2020 13:33,ObmennikUa,26.80,Buy
437,31.05.2020 13:33,ObmennikUa,26.90,Sale
438,31.05.2020 13:33,ObmennikUa,29.40,Sale
439,31.05.2020 13:33,ObmennikUa,29.80,Buy
440,31.05.2020 13:34,ObmennikUa,26.80,Buy
441,31.05.2020 13:34,ObmennikUa,26.90,Sale
442,31.05.2020 13:34,ObmennikUa,29.40,Sale
443,31.05.2020 13:34,ObmennikUa,29.80,Buy
444,31.05.2020 13:35,ObmennikUa,26.80,Buy
445,31.05.2020 13:35,ObmennikUa,26.90,Sale
446,31.05.2020 13:35,ObmennikUa,29.40,Sale
447,31.05.2020 13:35,ObmennikUa,29.80,Buy
448,31.05.2020 13:36,ObmennikUa,26.80,Buy
449,31.05.2020 13:36,ObmennikUa,26.90,Sale
450,31.05.2020 13:36,ObmennikUa,29.40,Sale
451,31.05.2020 13:36,ObmennikUa,29.80,Buy
452,31.05.2020 13:37,ObmennikUa,26.80,Buy
453,31.05.2020 13:37,ObmennikUa,26.90,Sale
454,31.05.2020 13:37,ObmennikUa,29.40,Sale
455,31.05.2020 13:37,ObmennikUa,29.80,Buy
456,31.05.2020 13:38,ObmennikUa,26.80,Buy
457,31.05.2020 13:38,ObmennikUa,26.90,Sale
458,31.05.2020 13:38,ObmennikUa,29.40,Sale
459,31.05.2020 13:38,ObmennikUa,29.80,Buy
460,31.05.2020 13:39,ObmennikUa,26.80,Buy
461,31.05.2020 13:39,ObmennikUa,26.90,Sale
462,31.05.2020 13:39,ObmennikUa,29.40,Sale
463,31.05.2020 13:39,ObmennikUa,29.80,Buy
464,31.05.2020 13:40,ObmennikUa,26.80,Buy
465,31.05.2020 13:40,ObmennikUa,26.90,Sale
466,31.05.2020 13:40,ObmennikUa,29.40,Sale
467,31.05.2020 13:40,ObmennikUa,29.80,Buy
468,31.05.2020 13:41,ObmennikUa,26.80,Buy
469,31.05.2020 13:41,ObmennikUa,26.90,Sale
470,31.05.2020 13:41,ObmennikUa,29.40,Sale
471,31.05.2020 13:41,ObmennikUa,29.80,Buy
472,31.05.2020 13:42,ObmennikUa,26.80,Buy
473,31.05.2020 13:42,ObmennikUa,26.90,Sale
474,31.05.2020 13:42,ObmennikUa,29.40,Sale
475,31.05.2020 13:42,ObmennikUa,29.80,Buy
476,31.05.2020 13:43,ObmennikUa,26.80,Buy
477,31.05.2020 13:43,ObmennikUa,26.90,Sale
478,31.05.2020 13:43,ObmennikUa,29.40,Sale
479,31.05.2020 13:43,ObmennikUa,29.80,Buy
480,31.05.2020 13:44,ObmennikUa,26.80,Buy
481,31.05.2020 13:44,ObmennikUa,26.90,Sale
482,31.05.2020 13:44,ObmennikUa,29.40,Sale
483,31.05.2020 13:44,ObmennikUa,29.80,Buy
484,31.05.2020 13:45,ObmennikUa,26.80,Buy
485,31.05.2020 13:45,ObmennikUa,26.90,Sale
486,31.05.2020 13:45,ObmennikUa,29.40,Sale
487,31.05.2020 13:45,ObmennikUa,29.80,Buy
488,31.05.2020 13:46,ObmennikUa,26.80,Buy
489,31.05.2020 13:46,ObmennikUa,26.90,Sale
490,31.05.2020 13:46,ObmennikUa,29.40,Sale
491,31.05.2020 13:46,ObmennikUa,29.80,Buy
492,31.05.2020 13:47,MonoBank,29.50,Buy
493,31.05.2020 13:47,MonoBank,29.99,Sale
494,31.05.2020 13:47,MonoBank,1.09,Buy
495,31.05.2020 13:47,MonoBank,1.11,Sale
496,31.05.2020 13:47,ObmennikUa,26.80,Buy
497,31.05.2020 13:47,ObmennikUa,26.90,Sale
498,31.05.2020 13:47,ObmennikUa,29.40,Sale
499,31.05.2020 13:47,ObmennikUa,29.80,Buy
500,31.05.2020 13:48,MonoBank,29.50,Buy
501,31.05.2020 13:48,MonoBank,29.99,Sale
502,31.05.2020 13:48,MonoBank,1.09,Buy
503,31.05.2020 13:48,MonoBank,1.11,Sale
504,31.05.2020 13:48,ObmennikUa,26.80,Buy
505,31.05.2020 13:48,ObmennikUa,26.90,Sale
506,31.05.2020 13:48,ObmennikUa,29.40,Sale
507,31.05.2020 13:48,ObmennikUa,29.80,Buy
508,31.05.2020 13:49,ObmennikUa,26.80,Buy
509,31.05.2020 13:49,ObmennikUa,26.90,Sale
510,31.05.2020 13:49,ObmennikUa,29.40,Sale
511,31.05.2020 13:49,ObmennikUa,29.80,Buy
512,31.05.2020 13:50,MonoBank,29.50,Buy
513,31.05.2020 13:50,MonoBank,29.99,Sale
514,31.05.2020 13:50,MonoBank,1.09,Buy
515,31.05.2020 13:50,MonoBank,1.11,Sale
516,31.05.2020 13:50,ObmennikUa,26.80,Buy
517,31.05.2020 13:50,ObmennikUa,26.90,Sale
518,31.05.2020 13:50,ObmennikUa,29.40,Sale
519,31.05.2020 13:50,ObmennikUa,29.80,Buy
520,31.05.2020 13:51,MonoBank,29.50,Buy
521,31.05.2020 13:51,MonoBank,29.99,Sale
522,31.05.2020 13:51,MonoBank,1.09,Buy
523,31.05.2020 13:51,MonoBank,1.11,Sale
524,31.05.2020 13:52,MonoBank,29.50,Buy
525,31.05.2020 13:52,MonoBank,29.99,Sale
526,31.05.2020 13:52,MonoBank,1.09,Buy
527,31.05.2020 13:52,MonoBank,1.11,Sale
528,31.05.2020 13:54,MonoBank,29.50,Buy
529,31.05.2020 13:54,MonoBank,29.99,Sale
530,31.05.2020 13:54,MonoBank,1.09,Buy
531,31.05.2020 13:54,MonoBank,1.11,Sale
532,31.05.2020 13:55,MonoBank,29.50,Buy
533,31.05.2020 13:55,MonoBank,29.99,Sale
534,31.05.2020 13:55,MonoBank,1.09,Buy
535,31.05.2020 13:55,MonoBank,1.11,Sale
536,31.05.2020 13:57,MonoBank,29.50,Buy
537,31.05.2020 13:57,MonoBank,29.99,Sale
538,31.05.2020 13:57,MonoBank,1.09,Buy
539,31.05.2020 13:57,MonoBank,1.11,Sale
540,31.05.2020 13:58,MonoBank,29.50,Buy
541,31.05.2020 13:58,MonoBank,29.99,Sale
542,31.05.2020 13:58,MonoBank,1.09,Buy
543,31.05.2020 13:58,MonoBank,1.11,Sale
544,31.05.2020 13:59,MonoBank,29.50,Buy
545,31.05.2020 13:59,MonoBank,29.99,Sale
546,31.05.2020 13:59,MonoBank,1.09,Buy
547,31.05.2020 13:59,MonoBank,1.11,Sale
548,31.05.2020 14:14,MonoBank,29.50,Buy
549,31.05.2020 14:14,MonoBank,29.99,Sale
550,31.05.2020 14:14,MonoBank,1.09,Buy
551,31.05.2020 14:14,MonoBank,1.11,Sale
552,31.05.2020 14:16,MonoBank,29.50,Buy
553,31.05.2020 14:16,MonoBank,29.99,Sale
554,31.05.2020 14:16,MonoBank,1.09,Buy
555,31.05.2020 14:16,MonoBank,1.11,Sale
556,31.05.2020 14:17,MonoBank,29.50,Buy
557,31.05.2020 14:17,MonoBank,29.99,Sale
558,31.05.2020 14:17,MonoBank,1.09,Buy
559,31.05.2020 14:17,MonoBank,1.11,Sale
560,31.05.2020 14:18,MonoBank,29.50,Buy
561,31.05.2020 14:18,MonoBank,29.99,Sale
562,31.05.2020 14:18,MonoBank,1.09,Buy
563,31.05.2020 14:18,MonoBank,1.11,Sale
564,31.05.2020 14:20,MonoBank,29.50,Buy
565,31.05.2020 14:20,MonoBank,29.99,Sale
566,31.05.2020 14:20,MonoBank,1.09,Buy
567,31.05.2020 14:20,MonoBank,1.11,Sale
568,31.05.2020 14:21,MonoBank,29.50,Buy
569,31.05.2020 14:21,MonoBank,29.99,Sale
570,31.05.2020 14:21,MonoBank,1.09,Buy
571,31.05.2020 14:21,MonoBank,1.11,Sale
572,31.05.2020 14:23,MonoBank,29.50,Buy
573,31.05.2020 14:23,MonoBank,29.99,Sale
574,31.05.2020 14:23,MonoBank,1.09,Buy
575,31.05.2020 14:23,MonoBank,1.11,Sale
576,31.05.2020 14:25,MonoBank,29.50,Buy
577,31.05.2020 14:25,MonoBank,29.99,Sale
578,31.05.2020 14:25,MonoBank,1.09,Buy
579,31.05.2020 14:25,MonoBank,1.11,Sale
580,31.05.2020 14:26,MonoBank,0.33,Buy
581,31.05.2020 14:26,MonoBank,0.38,Sale
582,31.05.2020 14:26,MonoBank,1.09,Buy
583,31.05.2020 14:26,MonoBank,1.11,Sale
584,31.05.2020 14:28,MonoBank,0.33,Buy
585,31.05.2020 14:28,MonoBank,0.38,Sale
586,31.05.2020 14:28,MonoBank,1.09,Buy
587,31.05.2020 14:28,MonoBank,1.11,Sale
588,31.05.2020 14:29,MonoBank,0.33,Buy
589,31.05.2020 14:29,MonoBank,0.38,Sale
590,31.05.2020 14:29,MonoBank,1.09,Buy
591,31.05.2020 14:29,MonoBank,1.11,Sale
592,31.05.2020 14:30,MonoBank,0.33,Buy
593,31.05.2020 14:30,MonoBank,0.38,Sale
594,31.05.2020 14:30,MonoBank,1.09,Buy
595,31.05.2020 14:30,MonoBank,1.11,Sale
596,31.05.2020 14:32,MonoBank,0.33,Buy
597,31.05.2020 14:32,MonoBank,0.38,Sale
598,31.05.2020 14:32,MonoBank,1.09,Buy
599,31.05.2020 14:32,MonoBank,1.11,Sale
600,31.05.2020 14:34,MonoBank,0.33,Buy
601,31.05.2020 14:34,MonoBank,0.38,Sale
602,31.05.2020 14:34,MonoBank,1.09,Buy
603,31.05.2020 14:34,MonoBank,1.11,Sale
604,31.05.2020 14:35,MonoBank,0.33,Buy
605,31.05.2020 14:35,MonoBank,0.38,Sale
606,31.05.2020 14:35,MonoBank,1.09,Buy
607,31.05.2020 14:35,MonoBank,1.11,Sale
608,31.05.2020 14:36,MonoBank,0.33,Buy
609,31.05.2020 14:36,MonoBank,0.38,Sale
610,31.05.2020 14:36,MonoBank,1.09,Buy
611,31.05.2020 14:36,MonoBank,1.11,Sale
612,31.05.2020 14:37,MonoBank,0.33,Buy
613,31.05.2020 14:37,MonoBank,0.38,Sale
614,31.05.2020 14:37,MonoBank,1.09,Buy
615,31.05.2020 14:37,MonoBank,1.11,Sale
616,31.05.2020 14:38,MonoBank,0.33,Buy
617,31.05.2020 14:38,MonoBank,0.38,Sale
618,31.05.2020 14:38,MonoBank,1.09,Buy
619,31.05.2020 14:38,MonoBank,1.11,Sale
620,31.05.2020 14:39,MonoBank,0.33,Buy
621,31.05.2020 14:39,MonoBank,0.38,Sale
622,31.05.2020 14:39,MonoBank,1.09,Buy
623,31.05.2020 14:39,MonoBank,1.11,Sale
624,31.05.2020 14:41,MonoBank,0.33,Buy
625,31.05.2020 14:41,MonoBank,0.38,Sale
626,31.05.2020 14:41,MonoBank,1.09,Buy
627,31.05.2020 14:41,MonoBank,1.11,Sale
628,31.05.2020 14:43,MonoBank,0.33,Buy
629,31.05.2020 14:43,MonoBank,0.38,Sale
630,31.05.2020 14:43,MonoBank,1.09,Buy
631,31.05.2020 14:43,MonoBank,1.11,Sale
632,31.05.2020 14:45,MonoBank,0.33,Buy
633,31.05.2020 14:45,MonoBank,0.38,Sale
634,31.05.2020 14:45,MonoBank,1.09,Buy
635,31.05.2020 14:45,MonoBank,1.11,Sale
636,31.05.2020 14:46,MonoBank,0.33,Buy
637,31.05.2020 14:46,MonoBank,0.38,Sale
638,31.05.2020 14:46,MonoBank,1.09,Buy
639,31.05.2020 14:46,MonoBank,1.11,Sale
640,31.05.2020 14:47,MonoBank,0.33,Buy
641,31.05.2020 14:47,MonoBank,0.38,Sale
642,31.05.2020 14:47,MonoBank,1.09,Buy
643,31.05.2020 14:47,MonoBank,1.11,Sale
644,31.05.2020 14:49,MonoBank,0.33,Buy
645,31.05.2020 14:49,MonoBank,0.38,Sale
646,31.05.2020 14:49,MonoBank,1.09,Buy
647,31.05.2020 14:49,MonoBank,1.11,Sale
648,31.05.2020 14:51,MonoBank,0.33,Buy
649,31.05.2020 14:51,MonoBank,0.38,Sale
650,31.05.2020 14:51,MonoBank,1.09,Buy
651,31.05.2020 14:51,MonoBank,1.11,Sale
652,31.05.2020 17:47,MonoBank,0.33,Buy
653,31.05.2020 17:47,MonoBank,0.38,Sale
654,31.05.2020 17:47,MonoBank,1.09,Buy
655,31.05.2020 17:47,MonoBank,1.11,Sale
656,31.05.2020 17:48,MonoBank,0.33,Buy
657,31.05.2020 17:48,MonoBank,0.38,Sale
658,31.05.2020 17:48,MonoBank,1.09,Buy
659,31.05.2020 17:48,MonoBank,1.11,Sale
660,31.05.2020 17:50,MonoBank,0.33,Buy
661,31.05.2020 17:50,MonoBank,0.38,Sale
662,31.05.2020 17:50,MonoBank,1.09,Buy
663,31.05.2020 17:50,MonoBank,1.11,Sale
664,31.05.2020 17:51,MonoBank,0.33,Buy
665,31.05.2020 17:51,MonoBank,0.38,Sale
666,31.05.2020 17:51,MonoBank,1.09,Buy
667,31.05.2020 17:51,MonoBank,1.11,Sale
668,31.05.2020 17:52,MonoBank,0.33,Buy
669,31.05.2020 17:52,MonoBank,0.38,Sale
670,31.05.2020 17:52,MonoBank,1.09,Buy
671,31.05.2020 17:52,MonoBank,1.11,Sale
672,31.05.2020 17:54,MonoBank,0.33,Buy
673,31.05.2020 17:54,MonoBank,0.38,Sale
674,31.05.2020 17:54,MonoBank,1.09,Buy
675,31.05.2020 17:54,MonoBank,1.11,Sale
676,31.05.2020 17:55,MonoBank,0.33,Buy
677,31.05.2020 17:55,MonoBank,0.38,Sale
678,31.05.2020 17:55,MonoBank,1.09,Buy
679,31.05.2020 17:55,MonoBank,1.11,Sale
680,31.05.2020 17:56,MonoBank,0.33,Buy
681,31.05.2020 17:56,MonoBank,0.38,Sale
682,31.05.2020 17:56,MonoBank,1.09,Buy
683,31.05.2020 17:56,MonoBank,1.11,Sale
684,31.05.2020 17:58,MonoBank,0.33,Buy
685,31.05.2020 17:58,MonoBank,0.38,Sale
686,31.05.2020 17:58,MonoBank,1.09,Buy
687,31.05.2020 17:58,MonoBank,1.11,Sale
688,31.05.2020 17:59,MonoBank,0.33,Buy
689,31.05.2020 17:59,MonoBank,0.38,Sale
690,31.05.2020 17:59,MonoBank,1.09,Buy
691,31.05.2020 17:59,MonoBank,1.11,Sale
692,31.05.2020 18:45,Alfabank,26.80,Buy
693,31.05.2020 18:45,Alfabank,26.96,Sale
694,31.05.2020 18:45,Alfabank,29.55,Buy
695,31.05.2020 18:45,Alfabank,26.96,Sale
696,31.05.2020 18:45,Alfabank,26.80,Buy
697,31.05.2020 18:45,Alfabank,26.80,Buy
698,31.05.2020 18:45,Alfabank,26.96,Sale
699,31.05.2020 18:45,Alfabank,26.96,Sale
700,31.05.2020 18:45,Alfabank,29.55,Buy
701,31.05.2020 18:45,Alfabank,29.55,Buy
702,31.05.2020 18:45,Alfabank,26.96,Sale
703,31.05.2020 18:45,Alfabank,26.96,Sale
704,31.05.2020 18:45,Alfabank,26.80,Buy
705,31.05.2020 18:45,Alfabank,26.96,Sale
706,31.05.2020 18:45,Alfabank,29.55,Buy
707,31.05.2020 18:45,Alfabank,26.96,Sale
708,31.05.2020 18:46,Alfabank,26.80,Buy
709,31.05.2020 18:46,Alfabank,26.96,Sale
710,31.05.2020 18:46,Alfabank,26.80,Buy
711,31.05.2020 18:46,Alfabank,29.55,Buy
712,31.05.2020 18:46,Alfabank,26.96,Sale
713,31.05.2020 18:46,Alfabank,26.96,Sale
714,31.05.2020 18:46,Alfabank,29.55,Buy
715,31.05.2020 18:46,Alfabank,26.96,Sale
716,31.05.2020 18:46,Alfabank,26.80,Buy
717,31.05.2020 18:46,Alfabank,26.96,Sale
718,31.05.2020 18:46,Alfabank,29.55,Buy
719,31.05.2020 18:46,Alfabank,26.96,Sale
720,31.05.2020 18:46,Alfabank,26.80,Buy
721,31.05.2020 18:46,Alfabank,26.96,Sale
722,31.05.2020 18:46,Alfabank,29.55,Buy
723,31.05.2020 18:46,Alfabank,26.96,Sale
724,31.05.2020 18:46,Alfabank,26.80,Buy
725,31.05.2020 18:46,Alfabank,26.96,Sale
726,31.05.2020 18:46,Alfabank,29.55,Buy
727,31.05.2020 18:46,Alfabank,26.96,Sale
728,31.05.2020 18:46,Alfabank,26.80,Buy
729,31.05.2020 18:46,Alfabank,26.80,Buy
730,31.05.2020 18:46,Alfabank,26.96,Sale
731,31.05.2020 18:46,Alfabank,29.55,Buy
732,31.05.2020 18:46,Alfabank,26.96,Sale
733,31.05.2020 18:46,Alfabank,26.96,Sale
734,31.05.2020 18:46,Alfabank,29.55,Buy
735,31.05.2020 18:46,Alfabank,26.96,Sale
736,31.05.2020 18:46,Alfabank,26.80,Buy
737,31.05.2020 18:46,Alfabank,26.80,Buy
738,31.05.2020 18:46,Alfabank,26.96,Sale
739,31.05.2020 18:46,Alfabank,26.96,Sale
740,31.05.2020 18:46,Alfabank,29.55,Buy
741,31.05.2020 18:46,Alfabank,29.55,Buy
742,31.05.2020 18:46,Alfabank,26.96,Sale
743,31.05.2020 18:46,Alfabank,26.96,Sale
744,31.05.2020 18:46,Alfabank,26.80,Buy
745,31.05.2020 18:46,Alfabank,26.96,Sale
746,31.05.2020 18:46,Alfabank,26.80,Buy
747,31.05.2020 18:46,Alfabank,26.96,Sale
748,31.05.2020 18:46,Alfabank,29.55,Buy
749,31.05.2020 18:46,Alfabank,29.55,Buy
750,31.05.2020 18:46,Alfabank,26.96,Sale
751,31.05.2020 18:46,Alfabank,26.96,Sale
752,31.05.2020 18:46,Alfabank,26.80,Buy
753,31.05.2020 18:46,Alfabank,26.96,Sale
754,31.05.2020 18:46,Alfabank,29.55,Buy
755,31.05.2020 18:46,Alfabank,26.96,Sale
756,31.05.2020 18:47,Alfabank,26.80,Buy
757,31.05.2020 18:47,Alfabank,26.96,Sale
758,31.05.2020 18:47,Alfabank,29.55,Buy
759,31.05.2020 18:47,Alfabank,26.96,Sale
760,31.05.2020 19:20,MonoBank,26.82,Buy
761,31.05.2020 19:20,MonoBank,26.95,Sale
762,31.05.2020 19:20,MonoBank,29.56,Buy
763,31.05.2020 19:20,MonoBank,29.79,Sale
764,31.05.2020 19:20,MonoBank,3.62,Buy
765,31.05.2020 19:20,MonoBank,3.85,Sale
766,31.05.2020 19:22,Taskombank,26.82,Buy
767,31.05.2020 19:22,Taskombank,26.95,Sale
768,31.05.2020 19:22,Taskombank,29.56,Buy
769,31.05.2020 19:22,Taskombank,29.79,Sale
770,31.05.2020 19:22,Taskombank,3.62,Buy
771,31.05.2020 19:22,Taskombank,3.85,Sale
772,01.06.2020 10:10,Vkurse,26.70,Buy
773,01.06.2020 10:10,Vkurse,26.90,Sale
774,01.06.2020 10:10,Vkurse,29.50,Buy
775,01.06.2020 10:10,Vkurse,29.70,Sale
776,01.06.2020 10:10,Vkurse,0.37,Buy
777,01.06.2020 10:10,Vkurse,0.37,Sale
778,01.06.2020 10:13,ObmennikUa,26.75,Buy
779,01.06.2020 10:13,ObmennikUa,26.85,Sale
780,01.06.2020 10:13,ObmennikUa,29.45,Sale
781,01.06.2020 10:13,ObmennikUa,29.70,Buy
782,01.06.2020 10:14,ObmennikUa,26.75,Buy
783,01.06.2020 10:14,ObmennikUa,26.85,Sale
784,01.06.2020 10:14,ObmennikUa,29.45,Sale
785,01.06.2020 10:14,ObmennikUa,29.70,Buy
786,01.06.2020 10:15,ObmennikUa,26.75,Buy
787,01.06.2020 10:15,ObmennikUa,26.85,Sale
788,01.06.2020 10:15,ObmennikUa,29.45,Sale
789,01.06.2020 10:15,ObmennikUa,29.70,Buy
790,01.06.2020 10:16,ObmennikUa,26.75,Buy
791,01.06.2020 10:16,ObmennikUa,26.85,Sale
792,01.06.2020 10:16,ObmennikUa,29.45,Sale
793,01.06.2020 10:16,ObmennikUa,29.70,Buy
794,01.06.2020 10:19,ObmennikUa,26.75,Buy
795,01.06.2020 10:19,ObmennikUa,26.85,Sale
796,01.06.2020 10:19,ObmennikUa,29.45,Sale
797,01.06.2020 10:19,ObmennikUa,29.70,Buy
798,01.06.2020 10:20,ObmennikUa,26.75,Buy
799,01.06.2020 10:20,ObmennikUa,26.85,Sale
800,01.06.2020 10:20,ObmennikUa,29.45,Sale
801,01.06.2020 10:20,ObmennikUa,29.70,Buy
802,01.06.2020 10:21,ObmennikUa,26.75,Buy
803,01.06.2020 10:21,ObmennikUa,26.85,Sale
804,01.06.2020 10:21,ObmennikUa,29.45,Sale
805,01.06.2020 10:21,ObmennikUa,29.70,Buy
806,01.06.2020 10:22,ObmennikUa,26.75,Buy
807,01.06.2020 10:22,ObmennikUa,26.85,Sale
808,01.06.2020 10:22,ObmennikUa,29.45,Sale
809,01.06.2020 10:22,ObmennikUa,29.70,Buy
810,01.06.2020 10:23,ObmennikUa,26.75,Buy
811,01.06.2020 10:23,ObmennikUa,26.85,Sale
812,01.06.2020 10:23,ObmennikUa,29.45,Sale
813,01.06.2020 10:23,ObmennikUa,29.70,Buy
814,01.06.2020 10:39,ObmennikUa,26.75,Buy
815,01.06.2020 10:39,ObmennikUa,26.85,Sale
816,01.06.2020 10:39,ObmennikUa,29.45,Sale
817,01.06.2020 10:39,ObmennikUa,29.70,Buy
818,01.06.2020 10:39,ObmennikUa,26.75,Buy
819,01.06.2020 10:39,ObmennikUa,26.85,Sale
820,01.06.2020 10:39,ObmennikUa,29.45,Sale
821,01.06.2020 10:39,ObmennikUa,29.70,Buy
822,01.06.2020 10:40,ObmennikUa,26.75,Buy
823,01.06.2020 10:40,ObmennikUa,26.85,Sale
824,01.06.2020 10:40,ObmennikUa,29.45,Sale
825,01.06.2020 10:40,ObmennikUa,29.70,Buy
826,01.06.2020 10:40,ObmennikUa,26.75,Buy
827,01.06.2020 10:40,ObmennikUa,26.85,Sale
828,01.06.2020 10:40,ObmennikUa,29.45,Sale
829,01.06.2020 10:40,ObmennikUa,29.70,Buy
830,01.06.2020 10:40,ObmennikUa,26.75,Buy
831,01.06.2020 10:40,ObmennikUa,26.85,Sale
832,01.06.2020 10:40,ObmennikUa,29.45,Sale
833,01.06.2020 10:40,ObmennikUa,29.70,Buy
834,01.06.2020 10:40,ObmennikUa,26.75,Buy
835,01.06.2020 10:40,ObmennikUa,26.85,Sale
836,01.06.2020 10:40,ObmennikUa,29.45,Sale
837,01.06.2020 10:40,ObmennikUa,29.70,Buy
838,01.06.2020 10:40,ObmennikUa,26.75,Buy
839,01.06.2020 10:40,ObmennikUa,26.85,Sale
840,01.06.2020 10:40,ObmennikUa,29.45,Sale
841,01.06.2020 10:40,ObmennikUa,29.70,Buy
842,01.06.2020 10:40,ObmennikUa,26.75,Buy
843,01.06.2020 10:40,ObmennikUa,26.85,Sale
844,01.06.2020 10:40,ObmennikUa,29.45,Sale
845,01.06.2020 10:40,ObmennikUa,29.70,Buy
846,01.06.2020 10:40,ObmennikUa,26.75,Buy
847,01.06.2020 10:40,ObmennikUa,26.85,Sale
848,01.06.2020 10:40,ObmennikUa,29.45,Sale
849,01.06.2020 10:40,ObmennikUa,29.70,Buy
850,01.06.2020 10:41,ObmennikUa,26.75,Buy
851,01.06.2020 10:41,ObmennikUa,26.85,Sale
852,01.06.2020 10:41,ObmennikUa,29.45,Sale
853,01.06.2020 10:41,ObmennikUa,29.70,Buy
854,01.06.2020 10:42,ObmennikUa,26.75,Buy
855,01.06.2020 10:42,ObmennikUa,26.85,Sale
856,01.06.2020 10:42,ObmennikUa,29.45,Sale
857,01.06.2020 10:42,ObmennikUa,29.70,Buy
858,01.06.2020 10:43,ObmennikUa,26.75,Buy
859,01.06.2020 10:43,ObmennikUa,26.85,Sale
860,01.06.2020 10:43,ObmennikUa,29.45,Sale
861,01.06.2020 10:43,ObmennikUa,29.70,Buy
862,01.06.2020 10:44,ObmennikUa,26.75,Buy
863,01.06.2020 10:44,ObmennikUa,26.85,Sale
864,01.06.2020 10:44,ObmennikUa,29.45,Sale
865,01.06.2020 10:44,ObmennikUa,29.70,Buy
866,01.06.2020 10:45,ObmennikUa,26.75,Buy
867,01.06.2020 10:45,ObmennikUa,26.85,Sale
868,01.06.2020 10:45,ObmennikUa,29.45,Sale
869,01.06.2020 10:45,ObmennikUa,29.70,Buy
870,01.06.2020 10:46,ObmennikUa,26.75,Buy
871,01.06.2020 10:46,ObmennikUa,26.85,Sale
872,01.06.2020 10:46,ObmennikUa,29.45,Sale
873,01.06.2020 10:46,ObmennikUa,29.70,Buy
874,01.06.2020 10:47,ObmennikUa,26.75,Buy
875,01.06.2020 10:47,ObmennikUa,26.85,Sale
876,01.06.2020 10:47,ObmennikUa,29.45,Sale
877,01.06.2020 10:47,ObmennikUa,29.70,Buy
878,01.06.2020 10:48,ObmennikUa,26.75,Buy
879,01.06.2020 10:48,ObmennikUa,26.85,Sale
880,01.06.2020 10:48,ObmennikUa,29.45,Sale
881,01.06.2020 10:48,ObmennikUa,29.70,Buy
882,01.06.2020 10:49,ObmennikUa,26.75,Buy
883,01.06.2020 10:49,ObmennikUa,26.85,Sale
884,01.06.2020 10:49,ObmennikUa,29.45,Sale
885,01.06.2020 10:49,ObmennikUa,29.70,Buy
886,01.06.2020 10:50,ObmennikUa,26.75,Buy
887,01.06.2020 10:50,ObmennikUa,26.85,Sale
888,01.06.2020 10:50,ObmennikUa,29.45,Sale
889,01.06.2020 10:50,ObmennikUa,29.70,Buy
890,01.06.2020 10:51,ObmennikUa,26.73,Buy
891,01.06.2020 10:51,ObmennikUa,26.83,Sale
892,01.06.2020 10:51,ObmennikUa,29.45,Sale
893,01.06.2020 10:51,ObmennikUa,29.70,Buy
894,01.06.2020 10:52,ObmennikUa,26.73,Buy
895,01.06.2020 10:52,ObmennikUa,26.83,Sale
896,01.06.2020 10:52,ObmennikUa,29.45,Sale
897,01.06.2020 10:52,ObmennikUa,29.70,Buy
898,01.06.2020 10:53,ObmennikUa,26.73,Buy
899,01.06.2020 10:53,ObmennikUa,26.83,Sale
900,01.06.2020 10:53,ObmennikUa,29.45,Sale
901,01.06.2020 10:53,ObmennikUa,29.70,Buy
902,01.06.2020 10:54,ObmennikUa,26.73,Buy
903,01.06.2020 10:54,ObmennikUa,26.83,Sale
904,01.06.2020 10:54,ObmennikUa,29.45,Sale
905,01.06.2020 10:54,ObmennikUa,29.70,Buy
906,01.06.2020 10:55,ObmennikUa,26.73,Buy
907,01.06.2020 10:55,ObmennikUa,26.83,Sale
908,01.06.2020 10:55,ObmennikUa,29.45,Sale
909,01.06.2020 10:55,ObmennikUa,29.70,Buy
910,01.06.2020 10:56,MonoBank,26.72,Buy
911,01.06.2020 10:56,MonoBank,29.55,Buy
912,01.06.2020 10:56,MonoBank,30.03,Sale
913,01.06.2020 10:56,MonoBank,0.33,Buy
914,01.06.2020 10:56,MonoBank,0.38,Sale
915,01.06.2020 10:56,PrivatBank,26.60,Buy
916,01.06.2020 10:56,MonoBank,1.10,Buy
917,01.06.2020 10:56,PrivatBank,27.00,Sale
918,01.06.2020 10:56,MonoBank,1.12,Sale
919,01.06.2020 10:56,ObmennikUa,26.73,Buy
920,01.06.2020 10:56,ObmennikUa,26.83,Sale
921,01.06.2020 10:56,ObmennikUa,29.45,Sale
922,01.06.2020 10:56,ObmennikUa,29.70,Buy
923,01.06.2020 10:56,PrivatBank,29.45,Buy
924,01.06.2020 10:56,PrivatBank,30.05,Sale
925,01.06.2020 10:56,PrivatBank,0.39,Sale
926,01.06.2020 10:56,Alfabank,26.77,Buy
927,01.06.2020 10:56,Alfabank,26.90,Sale
928,01.06.2020 10:56,Alfabank,29.55,Buy
929,01.06.2020 10:56,Alfabank,26.90,Sale
930,01.06.2020 10:56,Taskombank,26.75,Buy
931,01.06.2020 10:56,Taskombank,26.88,Sale
932,01.06.2020 10:56,Taskombank,29.72,Sale
933,01.06.2020 10:57,MonoBank,0.33,Buy
934,01.06.2020 10:57,MonoBank,0.38,Sale
935,01.06.2020 10:57,MonoBank,1.10,Buy
936,01.06.2020 10:57,MonoBank,1.12,Sale
937,01.06.2020 10:57,ObmennikUa,26.73,Buy
938,01.06.2020 10:57,ObmennikUa,26.83,Sale
939,01.06.2020 10:57,ObmennikUa,29.45,Sale
940,01.06.2020 10:57,ObmennikUa,29.70,Buy
941,01.06.2020 10:57,Alfabank,26.77,Buy
942,01.06.2020 10:57,Alfabank,26.90,Sale
943,01.06.2020 10:57,Alfabank,29.55,Buy
944,01.06.2020 10:57,Alfabank,26.90,Sale
945,02.06.2020 11:16,MonoBank,26.70,Buy
946,02.06.2020 11:16,MonoBank,26.89,Sale
947,02.06.2020 11:16,MonoBank,29.50,Buy
948,02.06.2020 11:16,MonoBank,0.33,Buy
949,02.06.2020 11:16,MonoBank,0.38,Sale
950,02.06.2020 11:16,MonoBank,1.10,Buy
951,02.06.2020 11:16,MonoBank,1.12,Sale
952,02.06.2020 11:16,PrivatBank,26.50,Buy
953,02.06.2020 11:16,PrivatBank,26.90,Sale
954,02.06.2020 11:16,PrivatBank,29.40,Buy
955,02.06.2020 11:16,MonoBank,0.33,Buy
956,02.06.2020 11:16,MonoBank,0.38,Sale
957,02.06.2020 11:16,MonoBank,1.10,Buy
958,02.06.2020 11:16,MonoBank,1.12,Sale
959,02.06.2020 11:16,Vkurse,0.38,Sale
960,02.06.2020 11:16,ObmennikUa,26.70,Buy
961,02.06.2020 11:16,ObmennikUa,26.90,Sale
962,02.06.2020 11:16,ObmennikUa,29.50,Sale
963,02.06.2020 11:16,ObmennikUa,29.70,Buy
964,02.06.2020 11:16,Taskombank,26.72,Buy
965,02.06.2020 11:16,Taskombank,26.84,Sale
966,02.06.2020 11:16,Taskombank,29.78,Sale
967,02.06.2020 11:16,Taskombank,3.65,Buy
968,02.06.2020 11:16,Taskombank,3.80,Sale
969,02.06.2020 11:16,Alfabank,26.73,Buy
970,02.06.2020 11:16,Alfabank,26.88,Sale
971,02.06.2020 11:16,Alfabank,29.58,Buy
972,02.06.2020 11:16,Alfabank,26.88,Sale
973,02.06.2020 11:16,ObmennikUa,26.70,Buy
974,02.06.2020 11:16,ObmennikUa,26.90,Sale
975,02.06.2020 11:16,ObmennikUa,29.50,Sale
976,02.06.2020 11:16,ObmennikUa,29.70,Buy
977,02.06.2020 11:16,Alfabank,26.73,Buy
978,02.06.2020 11:16,Alfabank,26.88,Sale
979,02.06.2020 11:16,Alfabank,29.58,Buy
980,02.06.2020 11:16,Alfabank,26.88,Sale
981,02.06.2020 11:17,ObmennikUa,26.70,Buy
982,02.06.2020 11:17,ObmennikUa,26.90,Sale
983,02.06.2020 11:17,ObmennikUa,29.50,Sale
984,02.06.2020 11:17,ObmennikUa,29.70,Buy
985,02.06.2020 11:17,Alfabank,26.73,Buy
986,02.06.2020 11:17,Alfabank,26.88,Sale
987,02.06.2020 11:17,Alfabank,29.58,Buy
988,02.06.2020 11:17,Alfabank,26.88,Sale
989,02.06.2020 11:17,Alfabank,26.73,Buy
990,02.06.2020 11:17,Alfabank,26.88,Sale
991,02.06.2020 11:17,Alfabank,29.58,Buy
992,02.06.2020 11:17,Alfabank,26.88,Sale
993,02.06.2020 11:17,ObmennikUa,26.70,Buy
994,02.06.2020 11:17,ObmennikUa,26.90,Sale
995,02.06.2020 11:17,ObmennikUa,29.50,Sale
996,02.06.2020 11:17,ObmennikUa,29.70,Buy
997,02.06.2020 11:17,ObmennikUa,26.70,Buy
998,02.06.2020 11:17,ObmennikUa,26.90,Sale
999,02.06.2020 11:17,ObmennikUa,29.50,Sale
1000,02.06.2020 11:17,ObmennikUa,29.70,Buy
1001,02.06.2020 11:17,Alfabank,26.73,Buy
1002,02.06.2020 11:17,Alfabank,26.88,Sale
1003,02.06.2020 11:17,Alfabank,29.58,Buy
1004,02.06.2020 11:17,Alfabank,26.88,Sale
1005,02.06.2020 11:17,MonoBank,0.33,Buy
1006,02.06.2020 11:17,MonoBank,0.38,Sale
1007,02.06.2020 11:17,MonoBank,1.10,Buy
1008,02.06.2020 11:17,MonoBank,1.12,Sale
1009,02.06.2020 11:17,ObmennikUa,26.70,Buy
1010,02.06.2020 11:17,ObmennikUa,26.90,Sale
1011,02.06.2020 11:17,ObmennikUa,29.50,Sale
1012,02.06.2020 11:17,ObmennikUa,29.70,Buy
1013,02.06.2020 11:17,MonoBank,0.33,Buy
1014,02.06.2020 11:17,MonoBank,0.38,Sale
1015,02.06.2020 11:17,MonoBank,1.10,Buy
1016,02.06.2020 11:17,MonoBank,1.12,Sale
1017,02.06.2020 11:17,Alfabank,26.73,Buy
1018,02.06.2020 11:17,Alfabank,26.88,Sale
1019,02.06.2020 11:17,Alfabank,29.58,Buy
1020,02.06.2020 11:17,Alfabank,26.88,Sale
1021,02.06.2020 11:17,ObmennikUa,26.70,Buy
1022,02.06.2020 11:17,ObmennikUa,26.90,Sale
1023,02.06.2020 11:17,ObmennikUa,29.50,Sale
1024,02.06.2020 11:17,ObmennikUa,29.70,Buy
1025,02.06.2020 11:17,Alfabank,26.73,Buy
1026,02.06.2020 11:17,Alfabank,26.88,Sale
1027,02.06.2020 11:17,Alfabank,29.58,Buy
1028,02.06.2020 11:17,Alfabank,26.88,Sale
1029,02.06.2020 11:17,ObmennikUa,26.70,Buy
1030,02.06.2020 11:17,ObmennikUa,26.90,Sale
1031,02.06.2020 11:17,ObmennikUa,29.50,Sale
1032,02.06.2020 11:17,ObmennikUa,29.70,Buy
1033,02.06.2020 11:17,Alfabank,26.73,Buy
1034,02.06.2020 11:17,Alfabank,26.88,Sale
1035,02.06.2020 11:17,Alfabank,29.58,Buy
1036,02.06.2020 11:17,Alfabank,26.88,Sale
1037,02.06.2020 11:18,ObmennikUa,26.70,Buy
1038,02.06.2020 11:18,ObmennikUa,26.90,Sale
1039,02.06.2020 11:18,ObmennikUa,29.50,Sale
1040,02.06.2020 11:18,ObmennikUa,29.70,Buy
1041,02.06.2020 11:18,Alfabank,26.73,Buy
1042,02.06.2020 11:18,Alfabank,26.88,Sale
1043,02.06.2020 11:18,Alfabank,29.58,Buy
1044,02.06.2020 11:18,Alfabank,26.88,Sale
1045,02.06.2020 11:18,ObmennikUa,26.70,Buy
1046,02.06.2020 11:18,ObmennikUa,26.90,Sale
1047,02.06.2020 11:18,ObmennikUa,29.50,Sale
1048,02.06.2020 11:18,ObmennikUa,29.70,Buy
1049,02.06.2020 11:18,Alfabank,26.73,Buy
1050,02.06.2020 11:18,Alfabank,26.88,Sale
1051,02.06.2020 11:18,Alfabank,29.58,Buy
1052,02.06.2020 11:18,Alfabank,26.88,Sale
1053,02.06.2020 11:18,ObmennikUa,26.70,Buy
1054,02.06.2020 11:18,ObmennikUa,26.90,Sale
1055,02.06.2020 11:18,ObmennikUa,29.50,Sale
1056,02.06.2020 11:18,ObmennikUa,29.70,Buy
1057,02.06.2020 11:18,Alfabank,26.73,Buy
1058,02.06.2020 11:18,Alfabank,26.88,Sale
1059,02.06.2020 11:18,Alfabank,29.58,Buy
1060,02.06.2020 11:18,Alfabank,26.88,Sale
1061,02.06.2020 11:18,MonoBank,0.33,Buy
1062,02.06.2020 11:18,MonoBank,0.38,Sale
1063,02.06.2020 11:18,MonoBank,1.10,Buy
1064,02.06.2020 11:18,MonoBank,1.12,Sale
1065,02.06.2020 11:18,ObmennikUa,26.70,Buy
1066,02.06.2020 11:18,ObmennikUa,26.90,Sale
1067,02.06.2020 11:18,ObmennikUa,29.50,Sale
1068,02.06.2020 11:18,ObmennikUa,29.70,Buy
1069,02.06.2020 11:18,Alfabank,26.73,Buy
1070,02.06.2020 11:18,Alfabank,26.88,Sale
1071,02.06.2020 11:18,Alfabank,29.58,Buy
1072,02.06.2020 11:18,Alfabank,26.88,Sale
1073,02.06.2020 11:18,MonoBank,0.33,Buy
1074,02.06.2020 11:18,MonoBank,0.38,Sale
1075,02.06.2020 11:18,MonoBank,1.10,Buy
1076,02.06.2020 11:18,MonoBank,1.12,Sale
1077,02.06.2020 11:19,ObmennikUa,26.70,Buy
1078,02.06.2020 11:19,ObmennikUa,26.90,Sale
1079,02.06.2020 11:19,ObmennikUa,29.50,Sale
1080,02.06.2020 11:19,ObmennikUa,29.70,Buy
1081,02.06.2020 11:19,ObmennikUa,26.70,Buy
1082,02.06.2020 11:19,ObmennikUa,26.90,Sale
1083,02.06.2020 11:19,ObmennikUa,29.50,Sale
1084,02.06.2020 11:19,ObmennikUa,29.70,Buy
1085,02.06.2020 11:19,Alfabank,26.73,Buy
1086,02.06.2020 11:19,Alfabank,26.88,Sale
1087,02.06.2020 11:19,Alfabank,29.58,Buy
1088,02.06.2020 11:19,Alfabank,26.88,Sale
1089,02.06.2020 11:19,Alfabank,26.73,Buy
1090,02.06.2020 11:19,Alfabank,26.88,Sale
1091,02.06.2020 11:19,Alfabank,29.58,Buy
1092,02.06.2020 11:19,Alfabank,26.88,Sale
1093,02.06.2020 11:19,ObmennikUa,26.70,Buy
1094,02.06.2020 11:19,ObmennikUa,26.90,Sale
1095,02.06.2020 11:19,ObmennikUa,29.50,Sale
1096,02.06.2020 11:19,ObmennikUa,29.70,Buy
1097,02.06.2020 11:19,ObmennikUa,26.70,Buy
1098,02.06.2020 11:19,ObmennikUa,26.90,Sale
1099,02.06.2020 11:19,ObmennikUa,29.50,Sale
1100,02.06.2020 11:19,ObmennikUa,29.70,Buy
1101,02.06.2020 11:19,Alfabank,26.73,Buy
1102,02.06.2020 11:19,Alfabank,26.88,Sale
1103,02.06.2020 11:19,Alfabank,29.58,Buy
1104,02.06.2020 11:19,Alfabank,26.88,Sale
1105,02.06.2020 11:19,Alfabank,26.73,Buy
1106,02.06.2020 11:19,Alfabank,26.88,Sale
1107,02.06.2020 11:19,Alfabank,29.58,Buy
1108,02.06.2020 11:19,Alfabank,26.88,Sale
1109,02.06.2020 11:19,MonoBank,0.33,Buy
1110,02.06.2020 11:19,MonoBank,0.38,Sale
1111,02.06.2020 11:19,MonoBank,1.10,Buy
1112,02.06.2020 11:19,MonoBank,1.12,Sale
1113,02.06.2020 11:19,ObmennikUa,26.70,Buy
1114,02.06.2020 11:19,ObmennikUa,26.90,Sale
1115,02.06.2020 11:19,ObmennikUa,29.50,Sale
1116,02.06.2020 11:19,ObmennikUa,29.70,Buy
1117,02.06.2020 11:20,ObmennikUa,26.70,Buy
1118,02.06.2020 11:20,ObmennikUa,26.90,Sale
1119,02.06.2020 11:20,ObmennikUa,29.50,Sale
1120,02.06.2020 11:20,ObmennikUa,29.70,Buy
1121,02.06.2020 11:20,Alfabank,26.73,Buy
1122,02.06.2020 11:20,Alfabank,26.88,Sale
1123,02.06.2020 11:20,Alfabank,29.58,Buy
1124,02.06.2020 11:20,Alfabank,26.88,Sale
1125,02.06.2020 11:20,Alfabank,26.73,Buy
1126,02.06.2020 11:20,Alfabank,26.88,Sale
1127,02.06.2020 11:20,Alfabank,29.58,Buy
1128,02.06.2020 11:20,Alfabank,26.88,Sale
1129,02.06.2020 11:20,ObmennikUa,26.70,Buy
1130,02.06.2020 11:20,ObmennikUa,26.90,Sale
1131,02.06.2020 11:20,ObmennikUa,29.50,Sale
1132,02.06.2020 11:20,ObmennikUa,29.70,Buy
1133,02.06.2020 11:20,ObmennikUa,26.70,Buy
1134,02.06.2020 11:20,ObmennikUa,26.90,Sale
1135,02.06.2020 11:20,ObmennikUa,29.50,Sale
1136,02.06.2020 11:20,ObmennikUa,29.70,Buy
1137,02.06.2020 11:20,Alfabank,26.73,Buy
1138,02.06.2020 11:20,Alfabank,26.88,Sale
1139,02.06.2020 11:20,Alfabank,29.58,Buy
1140,02.06.2020 11:20,Alfabank,26.88,Sale
1141,02.06.2020 11:20,ObmennikUa,26.70,Buy
1142,02.06.2020 11:20,ObmennikUa,26.90,Sale
1143,02.06.2020 11:20,ObmennikUa,29.50,Sale
1144,02.06.2020 11:20,ObmennikUa,29.70,Buy
1145,02.06.2020 11:20,Alfabank,26.73,Buy
1146,02.06.2020 11:20,Alfabank,26.88,Sale
1147,02.06.2020 11:20,Alfabank,29.58,Buy
1148,02.06.2020 11:20,Alfabank,26.88,Sale
1149,02.06.2020 11:20,MonoBank,0.33,Buy
1150,02.06.2020 11:20,MonoBank,0.38,Sale
1151,02.06.2020 11:20,MonoBank,1.10,Buy
1152,02.06.2020 11:20,MonoBank,1.12,Sale
1153,02.06.2020 11:20,Alfabank,26.73,Buy
1154,02.06.2020 11:20,Alfabank,26.88,Sale
1155,02.06.2020 11:20,Alfabank,29.58,Buy
1156,02.06.2020 11:20,Alfabank,26.88,Sale
1157,02.06.2020 11:20,ObmennikUa,26.70,Buy
1158,02.06.2020 11:20,ObmennikUa,26.90,Sale
1159,02.06.2020 11:20,ObmennikUa,29.50,Sale
1160,02.06.2020 11:20,ObmennikUa,29.70,Buy
1161,02.06.2020 11:20,Alfabank,26.73,Buy
1162,02.06.2020 11:20,Alfabank,26.88,Sale
1163,02.06.2020 11:20,Alfabank,29.58,Buy
1164,02.06.2020 11:20,Alfabank,26.88,Sale
1165,02.06.2020 11:21,ObmennikUa,26.70,Buy
1166,02.06.2020 11:21,ObmennikUa,26.90,Sale
1167,02.06.2020 11:21,ObmennikUa,29.50,Sale
1168,02.06.2020 11:21,ObmennikUa,29.70,Buy
1169,02.06.2020 11:21,MonoBank,0.33,Buy
1170,02.06.2020 11:21,MonoBank,0.38,Sale
1171,02.06.2020 11:21,MonoBank,1.10,Buy
1172,02.06.2020 11:21,MonoBank,1.12,Sale
1173,02.06.2020 11:21,Alfabank,26.73,Buy
1174,02.06.2020 11:21,Alfabank,26.88,Sale
1175,02.06.2020 11:21,Alfabank,29.58,Buy
1176,02.06.2020 11:21,Alfabank,26.88,Sale
1177,02.06.2020 11:21,ObmennikUa,26.70,Buy
1178,02.06.2020 11:21,ObmennikUa,26.90,Sale
1179,02.06.2020 11:21,ObmennikUa,29.50,Sale
1180,02.06.2020 11:21,ObmennikUa,29.70,Buy
1181,02.06.2020 11:21,Alfabank,26.73,Buy
1182,02.06.2020 11:21,Alfabank,26.88,Sale
1183,02.06.2020 11:21,Alfabank,29.58,Buy
1184,02.06.2020 11:21,Alfabank,26.88,Sale
1185,02.06.2020 11:21,ObmennikUa,26.70,Buy
1186,02.06.2020 11:21,ObmennikUa,26.90,Sale
1187,02.06.2020 11:21,ObmennikUa,29.50,Sale
1188,02.06.2020 11:21,ObmennikUa,29.70,Buy
1189,02.06.2020 11:21,ObmennikUa,26.70,Buy
1190,02.06.2020 11:21,ObmennikUa,26.90,Sale
1191,02.06.2020 11:21,ObmennikUa,29.50,Sale
1192,02.06.2020 11:21,ObmennikUa,29.70,Buy
1193,02.06.2020 11:21,Alfabank,26.73,Buy
1194,02.06.2020 11:21,Alfabank,26.88,Sale
1195,02.06.2020 11:21,Alfabank,29.58,Buy
1196,02.06.2020 11:21,Alfabank,26.88,Sale
1197,02.06.2020 11:21,Alfabank,26.73,Buy
1198,02.06.2020 11:21,Alfabank,26.88,Sale
1199,02.06.2020 11:21,Alfabank,29.58,Buy
1200,02.06.2020 11:21,Alfabank,26.88,Sale
1201,02.06.2020 11:22,ObmennikUa,26.70,Buy
1202,02.06.2020 11:22,ObmennikUa,26.90,Sale
1203,02.06.2020 11:22,ObmennikUa,29.50,Sale
1204,02.06.2020 11:22,ObmennikUa,29.70,Buy
1205,02.06.2020 11:22,ObmennikUa,26.70,Buy
1206,02.06.2020 11:22,ObmennikUa,26.90,Sale
1207,02.06.2020 11:22,ObmennikUa,29.50,Sale
1208,02.06.2020 11:22,ObmennikUa,29.70,Buy
1209,02.06.2020 11:22,Alfabank,26.73,Buy
1210,02.06.2020 11:22,Alfabank,26.88,Sale
1211,02.06.2020 11:22,Alfabank,29.58,Buy
1212,02.06.2020 11:22,Alfabank,26.88,Sale
1213,02.06.2020 11:22,Alfabank,26.73,Buy
1214,02.06.2020 11:22,Alfabank,26.88,Sale
1215,02.06.2020 11:22,Alfabank,29.58,Buy
1216,02.06.2020 11:22,Alfabank,26.88,Sale
1217,02.06.2020 11:22,MonoBank,0.33,Buy
1218,02.06.2020 11:22,MonoBank,0.38,Sale
1219,02.06.2020 11:22,MonoBank,1.10,Buy
1220,02.06.2020 11:22,MonoBank,1.12,Sale
1221,02.06.2020 11:22,ObmennikUa,26.70,Buy
1222,02.06.2020 11:22,ObmennikUa,26.90,Sale
1223,02.06.2020 11:22,ObmennikUa,29.50,Sale
1224,02.06.2020 11:22,ObmennikUa,29.70,Buy
1225,02.06.2020 11:22,Alfabank,26.73,Buy
1226,02.06.2020 11:22,Alfabank,26.88,Sale
1227,02.06.2020 11:22,Alfabank,29.58,Buy
1228,02.06.2020 11:22,Alfabank,26.88,Sale
1229,02.06.2020 11:22,MonoBank,0.33,Buy
1230,02.06.2020 11:22,MonoBank,0.38,Sale
1231,02.06.2020 11:22,MonoBank,1.10,Buy
1232,02.06.2020 11:22,MonoBank,1.12,Sale
1233,02.06.2020 11:22,ObmennikUa,26.70,Buy
1234,02.06.2020 11:22,ObmennikUa,26.90,Sale
1235,02.06.2020 11:22,ObmennikUa,29.50,Sale
1236,02.06.2020 11:22,ObmennikUa,29.70,Buy
1237,02.06.2020 11:22,Alfabank,26.73,Buy
1238,02.06.2020 11:22,Alfabank,26.88,Sale
1239,02.06.2020 11:22,Alfabank,29.58,Buy
1240,02.06.2020 11:22,Alfabank,26.88,Sale
1241,02.06.2020 11:22,ObmennikUa,26.70,Buy
1242,02.06.2020 11:22,ObmennikUa,26.90,Sale
1243,02.06.2020 11:22,ObmennikUa,29.50,Sale
1244,02.06.2020 11:22,ObmennikUa,29.70,Buy
1245,02.06.2020 11:23,Alfabank,26.73,Buy
1246,02.06.2020 11:23,Alfabank,26.88,Sale
1247,02.06.2020 11:23,Alfabank,29.58,Buy
1248,02.06.2020 11:23,Alfabank,26.88,Sale
1249,02.06.2020 11:23,ObmennikUa,26.70,Buy
1250,02.06.2020 11:23,ObmennikUa,26.90,Sale
1251,02.06.2020 11:23,ObmennikUa,29.50,Sale
1252,02.06.2020 11:23,ObmennikUa,29.70,Buy
1253,02.06.2020 11:23,Alfabank,26.73,Buy
1254,02.06.2020 11:23,Alfabank,26.88,Sale
1255,02.06.2020 11:23,Alfabank,29.58,Buy
1256,02.06.2020 11:23,Alfabank,26.88,Sale
1257,02.06.2020 11:23,ObmennikUa,26.70,Buy
1258,02.06.2020 11:23,ObmennikUa,26.90,Sale
1259,02.06.2020 11:23,ObmennikUa,29.50,Sale
1260,02.06.2020 11:23,ObmennikUa,29.70,Buy
1261,02.06.2020 11:23,Alfabank,26.73,Buy
1262,02.06.2020 11:23,Alfabank,26.88,Sale
1263,02.06.2020 11:23,Alfabank,29.58,Buy
1264,02.06.2020 11:23,Alfabank,26.88,Sale
1265,02.06.2020 11:23,ObmennikUa,26.70,Buy
1266,02.06.2020 11:23,ObmennikUa,26.90,Sale
1267,02.06.2020 11:23,ObmennikUa,29.50,Sale
1268,02.06.2020 11:23,ObmennikUa,29.70,Buy
1269,02.06.2020 11:23,Alfabank,26.73,Buy
1270,02.06.2020 11:23,Alfabank,26.88,Sale
1271,02.06.2020 11:23,Alfabank,29.58,Buy
1272,02.06.2020 11:23,Alfabank,26.88,Sale
1273,02.06.2020 11:23,MonoBank,0.33,Buy
1274,02.06.2020 11:23,MonoBank,0.38,Sale
1275,02.06.2020 11:23,MonoBank,1.10,Buy
1276,02.06.2020 11:23,MonoBank,1.12,Sale
1277,02.06.2020 11:23,MonoBank,0.33,Buy
1278,02.06.2020 11:23,MonoBank,0.38,Sale
1279,02.06.2020 11:23,MonoBank,1.10,Buy
1280,02.06.2020 11:23,MonoBank,1.12,Sale
1281,02.06.2020 11:24,ObmennikUa,26.70,Buy
1282,02.06.2020 11:24,ObmennikUa,26.90,Sale
1283,02.06.2020 11:24,ObmennikUa,29.50,Sale
1284,02.06.2020 11:24,ObmennikUa,29.70,Buy
1285,02.06.2020 11:24,ObmennikUa,26.70,Buy
1286,02.06.2020 11:24,ObmennikUa,26.90,Sale
1287,02.06.2020 11:24,ObmennikUa,29.50,Sale
1288,02.06.2020 11:24,ObmennikUa,29.70,Buy
1289,02.06.2020 11:24,Alfabank,26.73,Buy
1290,02.06.2020 11:24,Alfabank,26.88,Sale
1291,02.06.2020 11:24,Alfabank,29.58,Buy
1292,02.06.2020 11:24,Alfabank,26.88,Sale
1293,02.06.2020 11:24,ObmennikUa,26.70,Buy
1294,02.06.2020 11:24,ObmennikUa,26.90,Sale
1295,02.06.2020 11:24,ObmennikUa,29.50,Sale
1296,02.06.2020 11:24,ObmennikUa,29.70,Buy
1297,02.06.2020 11:24,ObmennikUa,26.70,Buy
1298,02.06.2020 11:24,ObmennikUa,26.90,Sale
1299,02.06.2020 11:24,ObmennikUa,29.50,Sale
1300,02.06.2020 11:24,ObmennikUa,29.70,Buy
1301,02.06.2020 11:24,Alfabank,26.73,Buy
1302,02.06.2020 11:24,Alfabank,26.88,Sale
1303,02.06.2020 11:24,Alfabank,29.58,Buy
1304,02.06.2020 11:24,Alfabank,26.88,Sale
1305,02.06.2020 11:24,Alfabank,26.73,Buy
1306,02.06.2020 11:24,Alfabank,26.88,Sale
1307,02.06.2020 11:24,Alfabank,29.58,Buy
1308,02.06.2020 11:24,Alfabank,26.88,Sale
1309,02.06.2020 11:24,ObmennikUa,26.70,Buy
1310,02.06.2020 11:24,ObmennikUa,26.90,Sale
1311,02.06.2020 11:24,ObmennikUa,29.50,Sale
1312,02.06.2020 11:24,ObmennikUa,29.70,Buy
